<?xml version="1.0" encoding="utf-8"?>
<System>
  <P Name="Location">[2, 7, 1040, 743]</P>
  <P Name="SystemRect">[0.000000, 0.000000, 0.000000, 0.000000]</P>
  <P Name="SetExecutionDomain">off</P>
  <P Name="ExecutionDomainType">Deduce</P>
  <P Name="ZoomFactor">122</P>
  <P Name="SimulinkSubDomain">Simulink</P>
  <Block BlockType="Inport" Name="States" SID="1729">
    <P Name="Position">[215, 48, 245, 62]</P>
    <P Name="ZOrder">38</P>
    <P Name="OutDataTypeStr">Bus: StatesBus</P>
  </Block>
  <Block BlockType="Inport" Name="Environment" SID="1730">
    <P Name="Position">[215, 168, 245, 182]</P>
    <P Name="ZOrder">39</P>
    <P Name="Port">2</P>
    <P Name="OutDataTypeStr">Bus: EnvironmentBus</P>
  </Block>
  <Block BlockType="BusCreator" Name="Bus&#xA;Creator1" SID="1731">
    <P Name="Ports">[3, 1]</P>
    <P Name="Position">[900, 12, 910, 218]</P>
    <P Name="ZOrder">1290</P>
    <P Name="ShowName">off</P>
    <P Name="Inputs">3</P>
    <P Name="DisplayOption">bar</P>
    <P Name="OutDataTypeStr">Bus: SensorsBus</P>
    <P Name="NonVirtualBus">on</P>
    <P Name="InheritFromInputs">on</P>
  </Block>
  <Block BlockType="BusCreator" Name="Bus&#xA;Creator2" SID="1732">
    <P Name="Ports">[3, 1]</P>
    <P Name="Position">[795, 5, 800, 85]</P>
    <P Name="ZOrder">1278</P>
    <P Name="ShowName">off</P>
    <P Name="Inputs">3</P>
    <P Name="DisplayOption">bar</P>
    <P Name="OutDataTypeStr">Bus: extraSensorData_t</P>
    <P Name="NonVirtualBus">on</P>
    <P Name="InheritFromInputs">on</P>
    <Port>
      <P Name="PortNumber">1</P>
      <P Name="Name">VisionSensors</P>
    </Port>
  </Block>
  <Block BlockType="Constant" Name="Constant" SID="1733">
    <P Name="Position">[690, 175, 800, 195]</P>
    <P Name="ZOrder">1294</P>
    <P Name="ShowName">off</P>
    <P Name="Value">sensorCalibrationData</P>
    <P Name="OutDataTypeStr">single</P>
    <Port>
      <P Name="PortNumber">1</P>
      <P Name="Name">SensorCalibration</P>
    </Port>
  </Block>
  <Block BlockType="Memory" Name="Memory1" SID="1734">
    <P Name="Position">[270, 45, 290, 65]</P>
    <P Name="ZOrder">1293</P>
    <P Name="ShowName">off</P>
    <P Name="InitialCondition">States</P>
    <P Name="InheritSampleTime">on</P>
  </Block>
  <Block BlockType="SubSystem" Name="Sensor System" SID="1735">
    <P Name="Ports">[2, 3]</P>
    <P Name="Position">[355, -3, 505, 233]</P>
    <P Name="ZOrder">1275</P>
    <P Name="DropShadow">on</P>
    <P Name="RequestExecContextInheritance">off</P>
    <Port>
      <P Name="PortNumber">1</P>
      <P Name="Name">opticalFlow_data</P>
    </Port>
    <Port>
      <P Name="PortNumber">2</P>
      <P Name="Name">HALSensors</P>
    </Port>
    <System Ref="system_1735"/>
  </Block>
  <Block BlockType="Constant" Name="_DUMMY_FLAG_usePosVIS" SID="1766">
    <P Name="Position">[680, 62, 720, 78]</P>
    <P Name="ZOrder">1277</P>
    <P Name="ShowName">off</P>
    <P Name="Value">Sensors.dummy.usePosVISFlag</P>
    <P Name="OutDataTypeStr">single</P>
    <P Name="SampleTime">Ts</P>
    <Port>
      <P Name="PortNumber">1</P>
      <P Name="Name">usePosVIS_flag</P>
    </Port>
  </Block>
  <Block BlockType="Constant" Name="_DUMMY_posVIS" SID="1767">
    <P Name="Position">[680, 37, 720, 53]</P>
    <P Name="ZOrder">1276</P>
    <P Name="ShowName">off</P>
    <P Name="Value">Sensors.dummy.posVISNoVisionAvail</P>
    <P Name="OutDataTypeStr">single</P>
    <P Name="SampleTime">Ts</P>
    <Port>
      <P Name="PortNumber">1</P>
      <P Name="Name">posVIS_data</P>
    </Port>
  </Block>
  <Block BlockType="Outport" Name="Sensors" SID="1768">
    <P Name="Position">[950, 108, 980, 122]</P>
    <P Name="ZOrder">40</P>
    <P Name="OutDataTypeStr">Bus: SensorsBus</P>
    <P Name="VectorParamsAs1DForOutWhenUnconnected">off</P>
  </Block>
  <Block BlockType="Outport" Name="Image Data" SID="1853">
    <P Name="Position">[590, 188, 620, 202]</P>
    <P Name="ZOrder">1295</P>
    <P Name="HideAutomaticName">off</P>
    <P Name="Port">2</P>
    <P Name="VectorParamsAs1DForOutWhenUnconnected">off</P>
  </Block>
  <Line>
    <P Name="Name">SensorCalibration</P>
    <P Name="ZOrder">1</P>
    <P Name="Labels">[0, 0]</P>
    <P Name="Src">1733#out:1</P>
    <P Name="Dst">1731#in:3</P>
  </Line>
  <Line>
    <P Name="ZOrder">2</P>
    <P Name="Src">1734#out:1</P>
    <P Name="Dst">1735#in:1</P>
  </Line>
  <Line>
    <P Name="Name">VisionSensors</P>
    <P Name="ZOrder">3</P>
    <P Name="Labels">[0, 0]</P>
    <P Name="Src">1732#out:1</P>
    <P Name="Dst">1731#in:1</P>
  </Line>
  <Line>
    <P Name="ZOrder">4</P>
    <P Name="Src">1731#out:1</P>
    <P Name="Dst">1768#in:1</P>
  </Line>
  <Line>
    <P Name="ZOrder">5</P>
    <P Name="Src">1729#out:1</P>
    <P Name="Dst">1734#in:1</P>
  </Line>
  <Line>
    <P Name="ZOrder">6</P>
    <P Name="Src">1730#out:1</P>
    <P Name="Dst">1735#in:2</P>
  </Line>
  <Line>
    <P Name="Name">usePosVIS_flag</P>
    <P Name="ZOrder">7</P>
    <P Name="Labels">[0, 0]</P>
    <P Name="Src">1766#out:1</P>
    <P Name="Dst">1732#in:3</P>
  </Line>
  <Line>
    <P Name="Name">posVIS_data</P>
    <P Name="ZOrder">8</P>
    <P Name="Labels">[0, 0]</P>
    <P Name="Src">1767#out:1</P>
    <P Name="Dst">1732#in:2</P>
  </Line>
  <Line>
    <P Name="Name">opticalFlow_data</P>
    <P Name="ZOrder">9</P>
    <P Name="Labels">[2, 1]</P>
    <P Name="Src">1735#out:1</P>
    <P Name="Points">[45, 0; 0, -15]</P>
    <P Name="Dst">1732#in:1</P>
  </Line>
  <Line>
    <P Name="Name">HALSensors</P>
    <P Name="ZOrder">10</P>
    <P Name="Labels">[0, 0]</P>
    <P Name="Src">1735#out:2</P>
    <P Name="Dst">1731#in:2</P>
  </Line>
  <Line>
    <P Name="ZOrder">11</P>
    <P Name="Src">1735#out:3</P>
    <P Name="Dst">1853#in:1</P>
  </Line>
</System>
