<?xml version="1.0" encoding="utf-8"?>
<System>
  <P Name="Location">[38, 46, 812, 669]</P>
  <P Name="SystemRect">[0.000000, 0.000000, 0.000000, 0.000000]</P>
  <P Name="SetExecutionDomain">off</P>
  <P Name="ExecutionDomainType">Deduce</P>
  <P Name="SimulinkSubDomain">Simulink</P>
  <Block BlockType="Inport" Name="e0" SID="1613">
    <P Name="Position">[20, 68, 50, 82]</P>
    <P Name="ZOrder">-1</P>
  </Block>
  <Block BlockType="Gain" Name="2" SID="1614">
    <P Name="Position">[210, 98, 240, 132]</P>
    <P Name="ZOrder">-2</P>
    <P Name="Gain">2</P>
    <P Name="ParamDataTypeStr">Inherit: Same as input</P>
    <P Name="OutDataTypeStr">Inherit: Same as input</P>
    <P Name="SaturateOnIntegerOverflow">on</P>
  </Block>
  <Block BlockType="Constant" Name="Constant" SID="1615">
    <P Name="Position">[245, 87, 275, 103]</P>
    <P Name="ZOrder">2</P>
    <P Name="ShowName">off</P>
    <P Name="Value">1e-6</P>
  </Block>
  <Block BlockType="Demux" Name="Demux" SID="1616">
    <P Name="Ports">[1, 2]</P>
    <P Name="Position">[75, 15, 80, 135]</P>
    <P Name="ZOrder">-3</P>
    <P Name="BackgroundColor">black</P>
    <P Name="ShowName">off</P>
    <P Name="Outputs">[1 3 ]</P>
    <P Name="DisplayOption">none</P>
  </Block>
  <Block BlockType="Mux" Name="Mux" SID="1617">
    <P Name="Ports">[2, 1]</P>
    <P Name="Position">[475, 51, 480, 89]</P>
    <P Name="ZOrder">-4</P>
    <P Name="ShowName">off</P>
    <P Name="Inputs">2</P>
    <P Name="DisplayOption">bar</P>
  </Block>
  <Block BlockType="Product" Name="Product" SID="1618">
    <P Name="Ports">[2, 1]</P>
    <P Name="Position">[400, 33, 445, 82]</P>
    <P Name="ZOrder">-5</P>
    <P Name="ShowName">off</P>
    <P Name="Inputs">*/</P>
    <P Name="InputSameDT">on</P>
    <P Name="OutDataTypeStr">Inherit: Same as first input</P>
    <P Name="SaturateOnIntegerOverflow">on</P>
  </Block>
  <Block BlockType="Switch" Name="Switch" SID="1619">
    <P Name="Position">[320, 54, 375, 106]</P>
    <P Name="ZOrder">1</P>
    <P Name="ShowName">off</P>
    <P Name="Criteria">u2 ~= 0</P>
    <P Name="InputSameDT">off</P>
    <P Name="SaturateOnIntegerOverflow">off</P>
  </Block>
  <Block BlockType="Trigonometry" Name="Trigonometric&#xA;Function" SID="1620">
    <P Name="Ports">[1, 1]</P>
    <P Name="Position">[245, 55, 275, 85]</P>
    <P Name="ZOrder">-6</P>
    <P Name="ShowName">off</P>
  </Block>
  <Block BlockType="Trigonometry" Name="Trigonometric&#xA;Function2" SID="1621">
    <P Name="Ports">[1, 1]</P>
    <P Name="Position">[115, 100, 145, 130]</P>
    <P Name="ZOrder">-7</P>
    <P Name="ShowName">off</P>
    <P Name="Operator">acos</P>
  </Block>
  <Block BlockType="Outport" Name="e0_norm" SID="1622">
    <P Name="Position">[505, 63, 535, 77]</P>
    <P Name="ZOrder">-8</P>
    <P Name="VectorParamsAs1DForOutWhenUnconnected">off</P>
  </Block>
  <Line>
    <P Name="ZOrder">1</P>
    <P Name="Src">1616#out:1</P>
    <P Name="Points">[15, 0]</P>
    <P Name="Dst">1621#in:1</P>
  </Line>
  <Line>
    <P Name="ZOrder">2</P>
    <P Name="Src">1616#out:2</P>
    <P Name="Points">[25, 0; 0, -60]</P>
    <P Name="Dst">1618#in:1</P>
  </Line>
  <Line>
    <P Name="ZOrder">3</P>
    <P Name="Src">1617#out:1</P>
    <P Name="Dst">1622#in:1</P>
  </Line>
  <Line>
    <P Name="ZOrder">4</P>
    <P Name="Src">1618#out:1</P>
    <P Name="Dst">1617#in:1</P>
  </Line>
  <Line>
    <P Name="ZOrder">5</P>
    <P Name="Src">1614#out:1</P>
    <P Name="Points">[215, 0]</P>
    <P Name="Dst">1617#in:2</P>
  </Line>
  <Line>
    <P Name="ZOrder">6</P>
    <P Name="Src">1620#out:1</P>
    <P Name="Points">[9, 0]</P>
    <Branch>
      <P Name="ZOrder">7</P>
      <P Name="Points">[0, -5]</P>
      <P Name="Dst">1619#in:1</P>
    </Branch>
    <Branch>
      <P Name="ZOrder">8</P>
      <P Name="Points">[0, 10]</P>
      <P Name="Dst">1619#in:2</P>
    </Branch>
  </Line>
  <Line>
    <P Name="ZOrder">9</P>
    <P Name="Src">1621#out:1</P>
    <P Name="Points">[20, 0]</P>
    <Branch>
      <P Name="ZOrder">10</P>
      <P Name="Points">[0, -45]</P>
      <P Name="Dst">1620#in:1</P>
    </Branch>
    <Branch>
      <P Name="ZOrder">11</P>
      <P Name="Dst">1614#in:1</P>
    </Branch>
  </Line>
  <Line>
    <P Name="ZOrder">12</P>
    <P Name="Src">1613#out:1</P>
    <P Name="Dst">1616#in:1</P>
  </Line>
  <Line>
    <P Name="ZOrder">13</P>
    <P Name="Src">1615#out:1</P>
    <P Name="Dst">1619#in:3</P>
  </Line>
  <Line>
    <P Name="ZOrder">14</P>
    <P Name="Src">1619#out:1</P>
    <P Name="Points">[3, 0; 0, -10]</P>
    <P Name="Dst">1618#in:2</P>
  </Line>
</System>
