<?xml version="1.0" encoding="utf-8"?>
<System>
  <P Name="Location">[1, 87, 606, 475]</P>
  <P Name="SystemRect">[0.000000, 0.000000, 0.000000, 0.000000]</P>
  <P Name="SetExecutionDomain">off</P>
  <P Name="ExecutionDomainType">Deduce</P>
  <P Name="ZoomFactor">117</P>
  <P Name="SimulinkSubDomain">Simulink</P>
  <Block BlockType="Inport" Name="RGBImage" SID="2353">
    <P Name="Position">[-5, -17, 25, -3]</P>
    <P Name="ZOrder">1340</P>
    <P Name="OutDataTypeStr">uint8</P>
    <P Name="PortDimensions">[120 160 3]</P>
  </Block>
  <Block BlockType="InportShadow" Name=" RGBImage " SID="2354">
    <P Name="Position">[-5, -92, 25, -78]</P>
    <P Name="ZOrder">1379</P>
    <P Name="OutDataTypeStr">uint8</P>
    <P Name="PortDimensions">[120 160 3]</P>
  </Block>
  <Block BlockType="Selector" Name="Blue" SID="2355">
    <P Name="Ports">[1, 1]</P>
    <P Name="Position">[65, 58, 130, 72]</P>
    <P Name="ZOrder">1363</P>
    <P Name="NumberOfDimensions">3</P>
    <P Name="InputPortWidth">3</P>
    <P Name="IndexOptions">Select all,Select all,Index vector (dialog)</P>
    <P Name="Indices">1,1,3</P>
    <P Name="OutputSizes">1,1,1</P>
  </Block>
  <Block BlockType="Reference" Name="Color Space&#xA; Conversion" SID="2356">
    <P Name="Ports">[3, 3]</P>
    <P Name="Position">[150, -122, 220, 102]</P>
    <P Name="ZOrder">1332</P>
    <P Name="LibraryVersion">5.7</P>
    <P Name="SourceBlock">visionconversions/Color Space
 Conversion</P>
    <P Name="SourceType">Color Space Conversion</P>
    <P Name="SourceProductBaseCode">VP</P>
    <InstanceData>
      <P Name="MultithreadedSim">auto</P>
      <P Name="conversion">Obsolete</P>
      <P Name="conversionActive">R&apos;G&apos;B&apos; to Y&apos;CbCr</P>
      <P Name="wp_str">D65</P>
      <P Name="rec">Rec. 601 (SDTV)</P>
      <P Name="sys">1125/60/2:1</P>
      <P Name="imagePorts">Separate color signals</P>
    </InstanceData>
  </Block>
  <Block BlockType="Constant" Name="Constant" SID="2357">
    <P Name="Position">[365, -73, 435, -57]</P>
    <P Name="ZOrder">1368</P>
    <P Name="Value">1:2:120*160</P>
  </Block>
  <Block BlockType="Constant" Name="Constant1" SID="2358">
    <P Name="Position">[365, 27, 435, 43]</P>
    <P Name="ZOrder">1370</P>
    <P Name="Value">2:2:120*160</P>
  </Block>
  <Block BlockType="Constant" Name="Constant2" SID="2359">
    <P Name="Position">[365, -23, 435, -7]</P>
    <P Name="ZOrder">1372</P>
    <P Name="Value">1:2:120*160</P>
  </Block>
  <Block BlockType="Constant" Name="Constant3" SID="2360">
    <P Name="Position">[365, 77, 435, 93]</P>
    <P Name="ZOrder">1374</P>
    <P Name="Value">1:2:120*160</P>
  </Block>
  <Block BlockType="Selector" Name="Green" SID="2361">
    <P Name="Ports">[1, 1]</P>
    <P Name="Position">[65, -17, 130, -3]</P>
    <P Name="ZOrder">1362</P>
    <P Name="NumberOfDimensions">3</P>
    <P Name="InputPortWidth">3</P>
    <P Name="IndexOptions">Select all,Select all,Index vector (dialog)</P>
    <P Name="Indices">1,1,2</P>
    <P Name="OutputSizes">1,1,1</P>
  </Block>
  <Block BlockType="Concatenate" Name="Matrix&#xA;Concatenate" SID="2362">
    <P Name="Ports">[4, 1]</P>
    <P Name="Position">[575, -105, 625, 105]</P>
    <P Name="ZOrder">1343</P>
    <P Name="NumInputs">4</P>
    <P Name="Mode">Multidimensional array</P>
  </Block>
  <Block BlockType="InportShadow" Name="RGBImage " SID="2363">
    <P Name="Position">[-5, 58, 25, 72]</P>
    <P Name="ZOrder">1380</P>
    <P Name="OutDataTypeStr">uint8</P>
    <P Name="PortDimensions">[120 160 3]</P>
  </Block>
  <Block BlockType="Selector" Name="Red" SID="2364">
    <P Name="Ports">[1, 1]</P>
    <P Name="Position">[65, -92, 130, -78]</P>
    <P Name="ZOrder">1361</P>
    <P Name="NumberOfDimensions">3</P>
    <P Name="InputPortWidth">3</P>
    <P Name="IndexOptions">Select all,Select all,Index vector (dialog)</P>
    <P Name="Indices">1,1,1</P>
    <P Name="OutputSizes">1,1,1</P>
  </Block>
  <Block BlockType="Reshape" Name="Reshape1" SID="2365">
    <P Name="Ports">[1, 1]</P>
    <P Name="Position">[295, -22, 325, 2]</P>
    <P Name="ZOrder">1382</P>
    <P Name="OutputDimensionality">Customize</P>
    <P Name="OutputDimensions">[1,19200]</P>
  </Block>
  <Block BlockType="Reshape" Name="Reshape2" SID="2366">
    <P Name="Ports">[1, 1]</P>
    <P Name="Position">[295, 53, 325, 77]</P>
    <P Name="ZOrder">1383</P>
    <P Name="OutputDimensionality">Customize</P>
    <P Name="OutputDimensions">[1,19200]</P>
  </Block>
  <Block BlockType="Reshape" Name="Reshape3" SID="2367">
    <P Name="Ports">[1, 1]</P>
    <P Name="Position">[295, -97, 325, -73]</P>
    <P Name="ZOrder">1381</P>
    <P Name="OutputDimensionality">Customize</P>
    <P Name="OutputDimensions">[1,19200]</P>
  </Block>
  <Block BlockType="Selector" Name="u" SID="2368">
    <P Name="Ports">[2, 1]</P>
    <P Name="Position">[465, -43, 525, -7]</P>
    <P Name="ZOrder">1371</P>
    <P Name="InputPortWidth">120*160</P>
    <P Name="IndexOptions">Index vector (port)</P>
    <P Name="Indices">[1 3]</P>
    <P Name="OutputSizes">1</P>
  </Block>
  <Block BlockType="Selector" Name="v" SID="2369">
    <P Name="Ports">[2, 1]</P>
    <P Name="Position">[465, 57, 525, 93]</P>
    <P Name="ZOrder">1373</P>
    <P Name="InputPortWidth">120*160</P>
    <P Name="IndexOptions">Index vector (port)</P>
    <P Name="Indices">[1 3]</P>
    <P Name="OutputSizes">1</P>
  </Block>
  <Block BlockType="Selector" Name="y1" SID="2370">
    <P Name="Ports">[2, 1]</P>
    <P Name="Position">[465, -93, 525, -57]</P>
    <P Name="ZOrder">1367</P>
    <P Name="InputPortWidth">120*160</P>
    <P Name="IndexOptions">Index vector (port)</P>
    <P Name="Indices">[1 3]</P>
    <P Name="OutputSizes">1</P>
  </Block>
  <Block BlockType="Selector" Name="y2" SID="2371">
    <P Name="Ports">[2, 1]</P>
    <P Name="Position">[465, 7, 525, 43]</P>
    <P Name="ZOrder">1369</P>
    <P Name="InputPortWidth">120*160</P>
    <P Name="IndexOptions">Index vector (port)</P>
    <P Name="Indices">[1 3]</P>
    <P Name="OutputSizes">1</P>
  </Block>
  <Block BlockType="Outport" Name="Y1UY2VImage" SID="2372">
    <P Name="Position">[695, -7, 725, 7]</P>
    <P Name="ZOrder">1341</P>
    <P Name="OutDataTypeStr">uint8</P>
    <P Name="PortDimensions">[4 9600]</P>
    <P Name="VectorParamsAs1DForOutWhenUnconnected">off</P>
  </Block>
  <Line>
    <P Name="ZOrder">1</P>
    <P Name="Src">2369#out:1</P>
    <P Name="Dst">2362#in:4</P>
  </Line>
  <Line>
    <P Name="ZOrder">2</P>
    <P Name="Src">2370#out:1</P>
    <P Name="Dst">2362#in:1</P>
  </Line>
  <Line>
    <P Name="ZOrder">3</P>
    <P Name="Src">2353#out:1</P>
    <P Name="Dst">2361#in:1</P>
  </Line>
  <Line>
    <P Name="ZOrder">4</P>
    <P Name="Src">2364#out:1</P>
    <P Name="Dst">2356#in:1</P>
  </Line>
  <Line>
    <P Name="ZOrder">5</P>
    <P Name="Src">2361#out:1</P>
    <P Name="Dst">2356#in:2</P>
  </Line>
  <Line>
    <P Name="ZOrder">6</P>
    <P Name="Src">2355#out:1</P>
    <P Name="Dst">2356#in:3</P>
  </Line>
  <Line>
    <P Name="ZOrder">7</P>
    <P Name="Src">2367#out:1</P>
    <P Name="Points">[15, 0]</P>
    <Branch>
      <P Name="ZOrder">8</P>
      <P Name="Dst">2370#in:1</P>
    </Branch>
    <Branch>
      <P Name="ZOrder">9</P>
      <P Name="Points">[0, 100]</P>
      <P Name="Dst">2371#in:1</P>
    </Branch>
  </Line>
  <Line>
    <P Name="ZOrder">10</P>
    <P Name="Src">2365#out:1</P>
    <P Name="Points">[4, 0; 0, -25]</P>
    <P Name="Dst">2368#in:1</P>
  </Line>
  <Line>
    <P Name="ZOrder">11</P>
    <P Name="Src">2366#out:1</P>
    <P Name="Dst">2369#in:1</P>
  </Line>
  <Line>
    <P Name="ZOrder">12</P>
    <P Name="Src">2357#out:1</P>
    <P Name="Dst">2370#in:2</P>
  </Line>
  <Line>
    <P Name="ZOrder">13</P>
    <P Name="Src">2358#out:1</P>
    <P Name="Dst">2371#in:2</P>
  </Line>
  <Line>
    <P Name="ZOrder">14</P>
    <P Name="Src">2359#out:1</P>
    <P Name="Dst">2368#in:2</P>
  </Line>
  <Line>
    <P Name="ZOrder">15</P>
    <P Name="Src">2360#out:1</P>
    <P Name="Dst">2369#in:2</P>
  </Line>
  <Line>
    <P Name="ZOrder">16</P>
    <P Name="Src">2362#out:1</P>
    <P Name="Dst">2372#in:1</P>
  </Line>
  <Line>
    <P Name="ZOrder">17</P>
    <P Name="Src">2368#out:1</P>
    <P Name="Dst">2362#in:2</P>
  </Line>
  <Line>
    <P Name="ZOrder">18</P>
    <P Name="Src">2371#out:1</P>
    <P Name="Dst">2362#in:3</P>
  </Line>
  <Line>
    <P Name="ZOrder">19</P>
    <P Name="Src">2354#out:1</P>
    <P Name="Dst">2364#in:1</P>
  </Line>
  <Line>
    <P Name="ZOrder">20</P>
    <P Name="Src">2363#out:1</P>
    <P Name="Dst">2355#in:1</P>
  </Line>
  <Line>
    <P Name="ZOrder">21</P>
    <P Name="Src">2356#out:1</P>
    <P Name="Dst">2367#in:1</P>
  </Line>
  <Line>
    <P Name="ZOrder">22</P>
    <P Name="Src">2356#out:2</P>
    <P Name="Dst">2365#in:1</P>
  </Line>
  <Line>
    <P Name="ZOrder">23</P>
    <P Name="Src">2356#out:3</P>
    <P Name="Dst">2366#in:1</P>
  </Line>
</System>
