<?xml version="1.0" encoding="utf-8"?>
<System>
  <P Name="Location">[39, 45, 813, 668]</P>
  <P Name="SystemRect">[0.000000, 0.000000, 0.000000, 0.000000]</P>
  <P Name="SetExecutionDomain">off</P>
  <P Name="ExecutionDomainType">Deduce</P>
  <P Name="SimulinkSubDomain">Simulink</P>
  <Block BlockType="Inport" Name="Actuators" SID="1667">
    <P Name="Position">[20, 118, 50, 132]</P>
    <P Name="ZOrder">34</P>
  </Block>
  <Block BlockType="Bias" Name="Bias" SID="1668">
    <P Name="Position">[370, 44, 405, 56]</P>
    <P Name="ZOrder">29</P>
    <P Name="ShowName">off</P>
    <P Name="Bias">.1</P>
    <P Name="SaturateOnIntegerOverflow">off</P>
  </Block>
  <Block BlockType="Bias" Name="Bias1" SID="1669">
    <P Name="Position">[370, 94, 405, 106]</P>
    <P Name="ZOrder">30</P>
    <P Name="ShowName">off</P>
    <P Name="Bias">-.3</P>
    <P Name="SaturateOnIntegerOverflow">off</P>
  </Block>
  <Block BlockType="Bias" Name="Bias2" SID="1670">
    <P Name="Position">[370, 144, 405, 156]</P>
    <P Name="ZOrder">31</P>
    <P Name="ShowName">off</P>
    <P Name="Bias">.5</P>
    <P Name="SaturateOnIntegerOverflow">off</P>
  </Block>
  <Block BlockType="Bias" Name="Bias3" SID="1671">
    <P Name="Position">[370, 194, 405, 206]</P>
    <P Name="ZOrder">32</P>
    <P Name="ShowName">off</P>
    <P Name="Bias">.7</P>
    <P Name="SaturateOnIntegerOverflow">off</P>
  </Block>
  <Block BlockType="Constant" Name="Constant" SID="1672">
    <P Name="Position">[365, 22, 410, 38]</P>
    <P Name="ZOrder">20</P>
    <P Name="ShowName">off</P>
    <P Name="Value">[0 1 0]</P>
  </Block>
  <Block BlockType="DataTypeConversion" Name="Data Type Conversion" SID="1673">
    <P Name="Position">[75, 117, 120, 133]</P>
    <P Name="ZOrder">26</P>
    <P Name="ShowName">off</P>
    <P Name="OutDataTypeStr">double</P>
    <P Name="RndMeth">Floor</P>
    <P Name="SaturateOnIntegerOverflow">off</P>
  </Block>
  <Block BlockType="Demux" Name="Demux" SID="1674">
    <P Name="Ports">[1, 4]</P>
    <P Name="Position">[350, 26, 355, 224]</P>
    <P Name="ZOrder">21</P>
    <P Name="ShowName">off</P>
  </Block>
  <Block BlockType="Gain" Name="Gain" SID="1675">
    <P Name="Position">[145, 110, 175, 140]</P>
    <P Name="ZOrder">28</P>
    <P Name="ShowName">off</P>
    <P Name="Gain">-Vehicle.Motor.commandToW2Gain</P>
  </Block>
  <Block BlockType="Integrator" Name="Integrator" SID="1676">
    <P Name="Ports">[1, 1]</P>
    <P Name="Position">[245, 110, 275, 140]</P>
    <P Name="ZOrder">18</P>
    <P Name="ShowName">off</P>
    <P Name="InitialCondition">[.1  .2 -.3 -.4]</P>
    <P Name="WrapState">on</P>
    <P Name="WrappedStateUpperValue">2*pi</P>
    <P Name="WrappedStateLowerValue">-2*pi</P>
  </Block>
  <Block BlockType="Mux" Name="Mux" SID="1677">
    <P Name="Ports">[2, 1]</P>
    <P Name="Position">[460, 21, 465, 59]</P>
    <P Name="ZOrder">19</P>
    <P Name="ShowName">off</P>
    <P Name="Inputs">2</P>
    <P Name="DisplayOption">bar</P>
  </Block>
  <Block BlockType="Mux" Name="Mux1" SID="1678">
    <P Name="Ports">[2, 1]</P>
    <P Name="Position">[460, 71, 465, 109]</P>
    <P Name="ZOrder">22</P>
    <P Name="ShowName">off</P>
    <P Name="Inputs">2</P>
    <P Name="DisplayOption">bar</P>
  </Block>
  <Block BlockType="Mux" Name="Mux2" SID="1679">
    <P Name="Ports">[2, 1]</P>
    <P Name="Position">[460, 121, 465, 159]</P>
    <P Name="ZOrder">23</P>
    <P Name="ShowName">off</P>
    <P Name="Inputs">2</P>
    <P Name="DisplayOption">bar</P>
  </Block>
  <Block BlockType="Mux" Name="Mux3" SID="1680">
    <P Name="Ports">[2, 1]</P>
    <P Name="Position">[460, 171, 465, 209]</P>
    <P Name="ZOrder">24</P>
    <P Name="ShowName">off</P>
    <P Name="Inputs">2</P>
    <P Name="DisplayOption">bar</P>
  </Block>
  <Block BlockType="RateTransition" Name="Rate Transition2" SID="1681">
    <P Name="Position">[295, 104, 335, 146]</P>
    <P Name="ZOrder">25</P>
    <P Name="ShowName">off</P>
  </Block>
  <Block BlockType="Gain" Name="Visualization&#xA;Gain" SID="1682">
    <P Name="Position">[200, 110, 230, 140]</P>
    <P Name="ZOrder">33</P>
    <P Name="Gain">.0001</P>
  </Block>
  <Block BlockType="Outport" Name="Position Blade1" SID="1683">
    <P Name="Position">[500, 33, 530, 47]</P>
    <P Name="ZOrder">35</P>
    <P Name="VectorParamsAs1DForOutWhenUnconnected">off</P>
  </Block>
  <Block BlockType="Outport" Name="Position Blade 2" SID="1684">
    <P Name="Position">[500, 83, 530, 97]</P>
    <P Name="ZOrder">36</P>
    <P Name="Port">2</P>
    <P Name="VectorParamsAs1DForOutWhenUnconnected">off</P>
  </Block>
  <Block BlockType="Outport" Name="Position Blade 3" SID="1685">
    <P Name="Position">[500, 133, 530, 147]</P>
    <P Name="ZOrder">37</P>
    <P Name="Port">3</P>
    <P Name="VectorParamsAs1DForOutWhenUnconnected">off</P>
  </Block>
  <Block BlockType="Outport" Name="Position Blade 4" SID="1686">
    <P Name="Position">[500, 183, 530, 197]</P>
    <P Name="ZOrder">38</P>
    <P Name="Port">4</P>
    <P Name="VectorParamsAs1DForOutWhenUnconnected">off</P>
  </Block>
  <Line>
    <P Name="ZOrder">1</P>
    <P Name="Src">1671#out:1</P>
    <P Name="Dst">1680#in:2</P>
  </Line>
  <Line>
    <P Name="ZOrder">2</P>
    <P Name="Src">1680#out:1</P>
    <P Name="Dst">1686#in:1</P>
  </Line>
  <Line>
    <P Name="ZOrder">3</P>
    <P Name="Src">1669#out:1</P>
    <P Name="Dst">1678#in:2</P>
  </Line>
  <Line>
    <P Name="ZOrder">4</P>
    <P Name="Src">1670#out:1</P>
    <P Name="Dst">1679#in:2</P>
  </Line>
  <Line>
    <P Name="ZOrder">5</P>
    <P Name="Src">1674#out:2</P>
    <P Name="Dst">1669#in:1</P>
  </Line>
  <Line>
    <P Name="ZOrder">6</P>
    <P Name="Src">1682#out:1</P>
    <P Name="Dst">1676#in:1</P>
  </Line>
  <Line>
    <P Name="ZOrder">7</P>
    <P Name="Src">1672#out:1</P>
    <P Name="Points">[8, 0]</P>
    <Branch>
      <P Name="ZOrder">8</P>
      <P Name="Points">[0, 50]</P>
      <Branch>
        <P Name="ZOrder">9</P>
        <P Name="Points">[0, 50]</P>
        <Branch>
          <P Name="ZOrder">10</P>
          <P Name="Points">[0, 50]</P>
          <P Name="Dst">1680#in:1</P>
        </Branch>
        <Branch>
          <P Name="ZOrder">11</P>
          <P Name="Dst">1679#in:1</P>
        </Branch>
      </Branch>
      <Branch>
        <P Name="ZOrder">12</P>
        <P Name="Dst">1678#in:1</P>
      </Branch>
    </Branch>
    <Branch>
      <P Name="ZOrder">13</P>
      <P Name="Dst">1677#in:1</P>
    </Branch>
  </Line>
  <Line>
    <P Name="ZOrder">14</P>
    <P Name="Src">1678#out:1</P>
    <P Name="Dst">1684#in:1</P>
  </Line>
  <Line>
    <P Name="ZOrder">15</P>
    <P Name="Src">1679#out:1</P>
    <P Name="Dst">1685#in:1</P>
  </Line>
  <Line>
    <P Name="ZOrder">16</P>
    <P Name="Src">1673#out:1</P>
    <P Name="Dst">1675#in:1</P>
  </Line>
  <Line>
    <P Name="ZOrder">17</P>
    <P Name="Src">1676#out:1</P>
    <P Name="Dst">1681#in:1</P>
  </Line>
  <Line>
    <P Name="ZOrder">18</P>
    <P Name="Src">1677#out:1</P>
    <P Name="Dst">1683#in:1</P>
  </Line>
  <Line>
    <P Name="ZOrder">19</P>
    <P Name="Src">1675#out:1</P>
    <P Name="Dst">1682#in:1</P>
  </Line>
  <Line>
    <P Name="ZOrder">20</P>
    <P Name="Src">1674#out:3</P>
    <P Name="Dst">1670#in:1</P>
  </Line>
  <Line>
    <P Name="ZOrder">21</P>
    <P Name="Src">1668#out:1</P>
    <P Name="Dst">1677#in:2</P>
  </Line>
  <Line>
    <P Name="ZOrder">22</P>
    <P Name="Src">1667#out:1</P>
    <P Name="Dst">1673#in:1</P>
  </Line>
  <Line>
    <P Name="ZOrder">23</P>
    <P Name="Src">1674#out:4</P>
    <P Name="Dst">1671#in:1</P>
  </Line>
  <Line>
    <P Name="ZOrder">24</P>
    <P Name="Src">1681#out:1</P>
    <P Name="Dst">1674#in:1</P>
  </Line>
  <Line>
    <P Name="ZOrder">25</P>
    <P Name="Src">1674#out:1</P>
    <P Name="Dst">1668#in:1</P>
  </Line>
</System>
