<?xml version="1.0" encoding="utf-8"?>
<System>
  <P Name="Location">[34, 67, 844, 665]</P>
  <P Name="SystemRect">[0.000000, 0.000000, 0.000000, 0.000000]</P>
  <P Name="SetExecutionDomain">off</P>
  <P Name="ExecutionDomainType">Deduce</P>
  <P Name="SimulinkSubDomain">Simulink</P>
  <Block BlockType="Inport" Name="Euler&#xA;Angles" SID="1611">
    <P Name="Position">[35, 143, 65, 157]</P>
    <P Name="ZOrder">-1</P>
  </Block>
  <Block BlockType="SubSystem" Name="Axis Angle&#xA;Vector" SID="1612">
    <P Name="Ports">[1, 1]</P>
    <P Name="Position">[570, 152, 635, 198]</P>
    <P Name="ZOrder">-2</P>
    <P Name="RequestExecContextInheritance">off</P>
    <System Ref="system_1612"/>
  </Block>
  <Block BlockType="Mux" Name="Mux" SID="1623">
    <P Name="Ports">[2, 1]</P>
    <P Name="Position">[255, 231, 260, 324]</P>
    <P Name="ZOrder">-4</P>
    <P Name="ShowName">off</P>
    <P Name="Inputs">2</P>
    <P Name="DisplayOption">bar</P>
  </Block>
  <Block BlockType="Mux" Name="Mux1" SID="1624">
    <P Name="Ports">[2, 1]</P>
    <P Name="Position">[255, 126, 260, 219]</P>
    <P Name="ZOrder">-5</P>
    <P Name="ShowName">off</P>
    <P Name="Inputs">2</P>
    <P Name="DisplayOption">bar</P>
  </Block>
  <Block BlockType="Mux" Name="Mux2" SID="1625">
    <P Name="Ports">[2, 1]</P>
    <P Name="Position">[255, 26, 260, 119]</P>
    <P Name="ZOrder">-6</P>
    <P Name="ShowName">off</P>
    <P Name="Inputs">2</P>
    <P Name="DisplayOption">bar</P>
  </Block>
  <Block BlockType="Reference" Name="Quaternion&#xA;Multiplication&#xA;(Pitch &amp; Yaw)" SID="1626">
    <P Name="Ports">[2, 1]</P>
    <P Name="Position">[405, 143, 460, 187]</P>
    <P Name="ZOrder">-7</P>
    <P Name="BackgroundColor">[1.000000, 0.501961, 0.501961]</P>
    <P Name="LibraryVersion">4.1</P>
    <P Name="SourceBlock">aerolibutil/Quaternion
Multiplication</P>
    <P Name="SourceType">Quaternion Multiplication</P>
    <P Name="SourceProductBaseCode">AE</P>
    <InstanceData>
      <P Name="RTWMemSecFuncInitTerm">Inherit from model</P>
      <P Name="RTWMemSecFuncExecute">Inherit from model</P>
      <P Name="RTWMemSecDataConstants">Inherit from model</P>
      <P Name="RTWMemSecDataInternal">Inherit from model</P>
      <P Name="RTWMemSecDataParameters">Inherit from model</P>
      <P Name="ContentPreviewEnabled">off</P>
    </InstanceData>
  </Block>
  <Block BlockType="Reference" Name="Quaternion&#xA;Multiplication&#xA;(Roll)" SID="1627">
    <P Name="Ports">[2, 1]</P>
    <P Name="Position">[490, 153, 545, 197]</P>
    <P Name="ZOrder">-8</P>
    <P Name="BackgroundColor">[1.000000, 0.501961, 0.501961]</P>
    <P Name="LibraryVersion">4.1</P>
    <P Name="SourceBlock">aerolibutil/Quaternion
Multiplication</P>
    <P Name="SourceType">Quaternion Multiplication</P>
    <P Name="SourceProductBaseCode">AE</P>
    <InstanceData>
      <P Name="RTWMemSecFuncInitTerm">Inherit from model</P>
      <P Name="RTWMemSecFuncExecute">Inherit from model</P>
      <P Name="RTWMemSecDataConstants">Inherit from model</P>
      <P Name="RTWMemSecDataInternal">Inherit from model</P>
      <P Name="RTWMemSecDataParameters">Inherit from model</P>
      <P Name="ContentPreviewEnabled">off</P>
    </InstanceData>
  </Block>
  <Block BlockType="SubSystem" Name="Quaternion&#xA;Normalization" SID="1628">
    <P Name="Ports">[1, 1]</P>
    <P Name="Position">[305, 257, 370, 303]</P>
    <P Name="ZOrder">-9</P>
    <P Name="RequestExecContextInheritance">off</P>
    <System Ref="system_1628"/>
  </Block>
  <Block BlockType="SubSystem" Name="Quaternion&#xA;Normalization1" SID="1637">
    <P Name="Ports">[1, 1]</P>
    <P Name="Position">[305, 152, 370, 198]</P>
    <P Name="ZOrder">-10</P>
    <P Name="RequestExecContextInheritance">off</P>
    <System Ref="system_1637"/>
  </Block>
  <Block BlockType="SubSystem" Name="Quaternion&#xA;Normalization2" SID="1646">
    <P Name="Ports">[1, 1]</P>
    <P Name="Position">[305, 52, 370, 98]</P>
    <P Name="ZOrder">-11</P>
    <P Name="RequestExecContextInheritance">off</P>
    <System Ref="system_1646"/>
  </Block>
  <Block BlockType="Selector" Name="Selector" SID="1655">
    <P Name="Ports">[1, 1]</P>
    <P Name="Position">[110, 31, 130, 69]</P>
    <P Name="ZOrder">1</P>
    <P Name="ShowName">off</P>
    <P Name="HideAutomaticName">off</P>
    <P Name="InputPortWidth">3</P>
    <P Name="IndexOptions">Index vector (dialog)</P>
    <P Name="Indices">[3]</P>
    <P Name="OutputSizes">1</P>
  </Block>
  <Block BlockType="Selector" Name="Selector1" SID="1656">
    <P Name="Ports">[1, 1]</P>
    <P Name="Position">[110, 131, 130, 169]</P>
    <P Name="ZOrder">2</P>
    <P Name="ShowName">off</P>
    <P Name="HideAutomaticName">off</P>
    <P Name="InputPortWidth">3</P>
    <P Name="IndexOptions">Index vector (dialog)</P>
    <P Name="Indices">[2]</P>
    <P Name="OutputSizes">1</P>
  </Block>
  <Block BlockType="Selector" Name="Selector2" SID="1657">
    <P Name="Ports">[1, 1]</P>
    <P Name="Position">[110, 236, 130, 274]</P>
    <P Name="ZOrder">3</P>
    <P Name="ShowName">off</P>
    <P Name="HideAutomaticName">off</P>
    <P Name="InputPortWidth">3</P>
    <P Name="IndexOptions">Index vector (dialog)</P>
    <P Name="Indices">[1]</P>
    <P Name="OutputSizes">1</P>
  </Block>
  <Block BlockType="Constant" Name="Vr Pitch Axes" SID="1658">
    <P Name="Position">[145, 182, 225, 208]</P>
    <P Name="ZOrder">-12</P>
    <P Name="NameLocation">top</P>
    <P Name="Value">[0 0 1]</P>
  </Block>
  <Block BlockType="Constant" Name="Vr Roll Axes" SID="1659">
    <P Name="Position">[140, 286, 215, 314]</P>
    <P Name="ZOrder">-13</P>
    <P Name="NameLocation">top</P>
    <P Name="Value">[1 0 0]</P>
  </Block>
  <Block BlockType="Constant" Name="Vr Yaw Axes" SID="1660">
    <P Name="Position">[140, 81, 225, 109]</P>
    <P Name="ZOrder">-14</P>
    <P Name="Value">[0 -1 0]</P>
  </Block>
  <Block BlockType="Outport" Name="Axis Angle" SID="1661">
    <P Name="Position">[670, 168, 700, 182]</P>
    <P Name="ZOrder">-15</P>
    <P Name="VectorParamsAs1DForOutWhenUnconnected">off</P>
  </Block>
  <Line>
    <P Name="ZOrder">1</P>
    <P Name="Src">1627#out:1</P>
    <P Name="Dst">1612#in:1</P>
  </Line>
  <Line>
    <P Name="ZOrder">2</P>
    <P Name="Src">1612#out:1</P>
    <P Name="Dst">1661#in:1</P>
  </Line>
  <Line>
    <P Name="ZOrder">3</P>
    <P Name="Src">1628#out:1</P>
    <P Name="Points">[99, 0; 0, -95]</P>
    <P Name="Dst">1627#in:2</P>
  </Line>
  <Line>
    <P Name="ZOrder">4</P>
    <P Name="Src">1646#out:1</P>
    <P Name="Points">[13, 0; 0, 80]</P>
    <P Name="Dst">1626#in:1</P>
  </Line>
  <Line>
    <P Name="ZOrder">5</P>
    <P Name="Src">1637#out:1</P>
    <P Name="Dst">1626#in:2</P>
  </Line>
  <Line>
    <P Name="ZOrder">6</P>
    <P Name="Src">1625#out:1</P>
    <P Name="Dst">1646#in:1</P>
  </Line>
  <Line>
    <P Name="ZOrder">7</P>
    <P Name="Src">1624#out:1</P>
    <P Name="Dst">1637#in:1</P>
  </Line>
  <Line>
    <P Name="ZOrder">8</P>
    <P Name="Src">1623#out:1</P>
    <P Name="Dst">1628#in:1</P>
  </Line>
  <Line>
    <P Name="ZOrder">9</P>
    <P Name="Src">1655#out:1</P>
    <P Name="Dst">1625#in:1</P>
  </Line>
  <Line>
    <P Name="ZOrder">10</P>
    <P Name="Src">1660#out:1</P>
    <P Name="Dst">1625#in:2</P>
  </Line>
  <Line>
    <P Name="ZOrder">11</P>
    <P Name="Src">1656#out:1</P>
    <P Name="Dst">1624#in:1</P>
  </Line>
  <Line>
    <P Name="ZOrder">12</P>
    <P Name="Src">1658#out:1</P>
    <P Name="Dst">1624#in:2</P>
  </Line>
  <Line>
    <P Name="ZOrder">13</P>
    <P Name="Src">1657#out:1</P>
    <P Name="Dst">1623#in:1</P>
  </Line>
  <Line>
    <P Name="ZOrder">14</P>
    <P Name="Src">1659#out:1</P>
    <P Name="Dst">1623#in:2</P>
  </Line>
  <Line>
    <P Name="ZOrder">15</P>
    <P Name="Src">1611#out:1</P>
    <P Name="Points">[9, 0]</P>
    <Branch>
      <P Name="ZOrder">16</P>
      <P Name="Points">[0, 105]</P>
      <P Name="Dst">1657#in:1</P>
    </Branch>
    <Branch>
      <P Name="ZOrder">17</P>
      <P Name="Dst">1656#in:1</P>
    </Branch>
    <Branch>
      <P Name="ZOrder">18</P>
      <P Name="Points">[0, -100]</P>
      <P Name="Dst">1655#in:1</P>
    </Branch>
  </Line>
  <Line>
    <P Name="ZOrder">19</P>
    <P Name="Src">1626#out:1</P>
    <P Name="Dst">1627#in:1</P>
  </Line>
</System>
