<?xml version="1.0" encoding="utf-8"?>
<System>
  <P Name="Location">[480, 85, 980, 386]</P>
  <P Name="SystemRect">[0.000000, 0.000000, 0.000000, 0.000000]</P>
  <P Name="SetExecutionDomain">off</P>
  <P Name="ExecutionDomainType">Deduce</P>
  <P Name="SIDHighWatermark">14</P>
  <P Name="SimulinkSubDomain">Simulink</P>
  <Block BlockType="Demux" Name="Demux" SID="607:1">
    <P Name="Tag">STV Demux</P>
    <P Name="Ports">[1, 6]</P>
    <P Name="Position">[150, 44, 160, 631]</P>
    <P Name="ZOrder">-1</P>
    <P Name="Outputs">6</P>
    <P Name="DisplayOption">none</P>
  </Block>
  <Block BlockType="FromWorkspace" Name="FromWs" SID="607:2">
    <P Name="Tag">STV FromWs</P>
    <P Name="Position">[30, 300, 115, 350]</P>
    <P Name="ZOrder">-2</P>
    <P Name="VariableName">tuvar</P>
    <P Name="SigBuilderData" Ref="bdmxdata:SigBuilderData_607_2"/>
    <P Name="VnvData" Ref="bdmxdata:VnvData_607_2"/>
  </Block>
  <Block BlockType="Outport" Name="X" SID="607:9">
    <P Name="Tag">STV Outport</P>
    <P Name="Position">[280, 30, 300, 40]</P>
    <P Name="ZOrder">5</P>
    <P Name="VectorParamsAs1DForOutWhenUnconnected">off</P>
  </Block>
  <Block BlockType="Outport" Name="Y" SID="607:10">
    <P Name="Tag">STV Outport</P>
    <P Name="Position">[280, 60, 300, 70]</P>
    <P Name="ZOrder">6</P>
    <P Name="Port">2</P>
    <P Name="VectorParamsAs1DForOutWhenUnconnected">off</P>
  </Block>
  <Block BlockType="Outport" Name="Z" SID="607:14">
    <P Name="Tag">STV Outport</P>
    <P Name="Position">[320, 30, 340, 40]</P>
    <P Name="ZOrder">10</P>
    <P Name="Port">3</P>
    <P Name="VectorParamsAs1DForOutWhenUnconnected">off</P>
  </Block>
  <Block BlockType="Outport" Name="Yaw" SID="607:8">
    <P Name="Tag">STV Outport</P>
    <P Name="Position">[280, 120, 300, 130]</P>
    <P Name="ZOrder">4</P>
    <P Name="Port">4</P>
    <P Name="VectorParamsAs1DForOutWhenUnconnected">off</P>
  </Block>
  <Block BlockType="Outport" Name="Pitch" SID="607:7">
    <P Name="Tag">STV Outport</P>
    <P Name="Position">[280, 150, 300, 160]</P>
    <P Name="ZOrder">3</P>
    <P Name="Port">5</P>
    <P Name="VectorParamsAs1DForOutWhenUnconnected">off</P>
  </Block>
  <Block BlockType="Outport" Name="Roll" SID="607:3">
    <P Name="Tag">STV Outport</P>
    <P Name="Position">[280, 180, 300, 190]</P>
    <P Name="ZOrder">-3</P>
    <P Name="Port">6</P>
    <P Name="VectorParamsAs1DForOutWhenUnconnected">off</P>
  </Block>
  <Line>
    <P Name="ZOrder">1</P>
    <P Name="Src">607:2#out:1</P>
    <P Name="Points">[15, 0]</P>
    <P Name="Dst">607:1#in:1</P>
  </Line>
  <Line>
    <P Name="ZOrder">36</P>
    <P Name="Src">607:1#out:1</P>
    <P Name="Dst">607:9#in:1</P>
  </Line>
  <Line>
    <P Name="ZOrder">37</P>
    <P Name="Src">607:1#out:2</P>
    <P Name="Dst">607:10#in:1</P>
  </Line>
  <Line>
    <P Name="ZOrder">38</P>
    <P Name="Src">607:1#out:3</P>
    <P Name="Dst">607:14#in:1</P>
  </Line>
  <Line>
    <P Name="ZOrder">39</P>
    <P Name="Src">607:1#out:4</P>
    <P Name="Dst">607:8#in:1</P>
  </Line>
  <Line>
    <P Name="ZOrder">40</P>
    <P Name="Src">607:1#out:5</P>
    <P Name="Dst">607:7#in:1</P>
  </Line>
  <Line>
    <P Name="ZOrder">41</P>
    <P Name="Src">607:1#out:6</P>
    <P Name="Dst">607:3#in:1</P>
  </Line>
</System>
