<?xml version="1.0" encoding="UTF-8"?>
<sltp_editor version="1.1" packageUris="http://schema.mathworks.com/mf0/DiagramEditor/R2019a_20181107 http://schema.mathworks.com/mf0/SltpSyntax/R2022a_202109161050">
  <diagram.editor.model.Diagram type="diagram.editor.model.Diagram" uuid="1545d48d-865e-4fd6-8baf-fb01a6508771">
    <connections type="diagram.editor.model.Connection" uuid="1427f3cb-6823-460c-afc2-01519966be2a">
      <dstElement type="diagram.editor.model.Entity" uuid="dd4f8bf0-f3e7-4648-86d3-93119cdf7aef"/>
      <srcElement type="diagram.editor.model.Entity" uuid="75239408-27e1-4de3-b57d-76f7ba36f9bb"/>
      <position>0,0</position>
      <size>0,0,0,0</size>
      <syntaxElement type="sltp.mm.syntax.Edge" uuid="336e5d67-cb81-46ba-aece-b27a92b41d0f"/>
      <type>graph.Edge</type>
    </connections>
    <connections type="diagram.editor.model.Connection" uuid="02305bda-c737-4df6-8619-8595546fe607">
      <dstElement type="diagram.editor.model.Entity" uuid="75239408-27e1-4de3-b57d-76f7ba36f9bb"/>
      <srcElement type="diagram.editor.model.Entity" uuid="2c5a3ad1-9f01-4f43-b3d1-191c79281e22"/>
      <position>0,0</position>
      <size>0,0,0,0</size>
      <syntaxElement type="sltp.mm.syntax.Edge" uuid="c4f78306-0b64-4f44-a692-e89b5772af9e"/>
      <type>graph.Edge</type>
    </connections>
    <entities type="diagram.editor.model.Entity" uuid="75239408-27e1-4de3-b57d-76f7ba36f9bb">
      <inConnections type="diagram.editor.model.Connection" uuid="02305bda-c737-4df6-8619-8595546fe607"/>
      <outConnections type="diagram.editor.model.Connection" uuid="1427f3cb-6823-460c-afc2-01519966be2a"/>
      <position>0,0</position>
      <size>0,0,0,0</size>
      <syntaxElement type="sltp.mm.syntax.Node" uuid="e8f79acf-7aea-45ae-ac16-2854b08a5d3a"/>
      <title>Cont</title>
      <type>base</type>
      <subDiagram type="diagram.editor.model.Diagram" uuid="5d412908-2539-49cb-90ac-2884c9b173cf">
        <position>0,0</position>
        <syntaxElement type="sltp.mm.syntax.Graph" uuid="f4e2d280-c22a-414f-abad-e6b29e365ff2"/>
        <title>Cont</title>
        <type>graph.Graph</type>
      </subDiagram>
    </entities>
    <entities type="diagram.editor.model.Entity" uuid="dd4f8bf0-f3e7-4648-86d3-93119cdf7aef">
      <inConnections type="diagram.editor.model.Connection" uuid="1427f3cb-6823-460c-afc2-01519966be2a"/>
      <position>0,0</position>
      <size>0,0,0,0</size>
      <syntaxElement type="sltp.mm.syntax.Node" uuid="884db79f-6448-4c1b-9ff1-0e37954a0746"/>
      <title>D2</title>
      <type>implicit-periodic</type>
      <subDiagram type="diagram.editor.model.Diagram" uuid="0616c976-0354-489e-b388-fc2f74594118">
        <position>0,0</position>
        <syntaxElement type="sltp.mm.syntax.Graph" uuid="3c83ac85-d9c1-47ca-851e-034268c7a962"/>
        <title>D2</title>
        <type>graph.Graph</type>
      </subDiagram>
    </entities>
    <entities type="diagram.editor.model.Entity" uuid="2c5a3ad1-9f01-4f43-b3d1-191c79281e22">
      <outConnections type="diagram.editor.model.Connection" uuid="02305bda-c737-4df6-8619-8595546fe607"/>
      <position>0,0</position>
      <size>0,0,0,0</size>
      <syntaxElement type="sltp.mm.syntax.Node" uuid="c606cdab-8fd5-43ca-a9d4-bf37c3bb3c14"/>
      <title>D3</title>
      <type>implicit-periodic</type>
      <subDiagram type="diagram.editor.model.Diagram" uuid="c49c1e48-b465-43b5-b870-d2cbaa51f7de">
        <position>0,0</position>
        <syntaxElement type="sltp.mm.syntax.Graph" uuid="3c70ca33-25f8-42eb-aac2-8e66605d1d76"/>
        <title>D3</title>
        <type>graph.Graph</type>
      </subDiagram>
    </entities>
    <syntaxElement type="sltp.mm.syntax.Graph" uuid="a09e6397-4a30-4a7f-b34b-8aad3f0a44e4"/>
    <title>Default</title>
    <type>graph.Graph</type>
  </diagram.editor.model.Diagram>
  <sltp.mm.syntax.Context type="sltp.mm.syntax.Context" uuid="e451d0a4-f9f6-4f2b-b52a-e89f3028b416">
    <rootGraph type="sltp.mm.syntax.Graph" uuid="a09e6397-4a30-4a7f-b34b-8aad3f0a44e4">
      <children type="sltp.mm.syntax.Node" uuid="884db79f-6448-4c1b-9ff1-0e37954a0746">
        <inEdges type="sltp.mm.syntax.Edge" uuid="336e5d67-cb81-46ba-aece-b27a92b41d0f"/>
        <orderIndex>1</orderIndex>
        <priority>41</priority>
        <rates type="sltp.mm.syntax.RateData">
          <color>#00d100</color>
          <hasBlocks>true</hasBlocks>
          <rate>0.06</rate>
          <title>D2</title>
        </rates>
        <title>D2</title>
        <type>implicit-periodic</type>
        <diagramElement type="diagram.editor.model.Entity" uuid="dd4f8bf0-f3e7-4648-86d3-93119cdf7aef"/>
        <subgraph type="sltp.mm.syntax.Graph" uuid="3c83ac85-d9c1-47ca-851e-034268c7a962">
          <title>D2</title>
          <diagramElement type="diagram.editor.model.Diagram" uuid="0616c976-0354-489e-b388-fc2f74594118"/>
        </subgraph>
      </children>
      <children type="sltp.mm.syntax.Node" uuid="e8f79acf-7aea-45ae-ac16-2854b08a5d3a">
        <inEdges type="sltp.mm.syntax.Edge" uuid="c4f78306-0b64-4f44-a692-e89b5772af9e"/>
        <outEdges type="sltp.mm.syntax.Edge" uuid="336e5d67-cb81-46ba-aece-b27a92b41d0f"/>
        <priority>40</priority>
        <rates type="sltp.mm.syntax.RateData">
          <color>#000000</color>
          <hasBlocks>true</hasBlocks>
          <rate>0</rate>
          <title>Cont</title>
        </rates>
        <rates type="sltp.mm.syntax.RateData">
          <color>#e60000</color>
          <hasBlocks>true</hasBlocks>
          <rate>0.005</rate>
          <title>D1</title>
        </rates>
        <title>Cont</title>
        <type>base</type>
        <diagramElement type="diagram.editor.model.Entity" uuid="75239408-27e1-4de3-b57d-76f7ba36f9bb"/>
        <subgraph type="sltp.mm.syntax.Graph" uuid="f4e2d280-c22a-414f-abad-e6b29e365ff2">
          <title>Cont</title>
          <diagramElement type="diagram.editor.model.Diagram" uuid="5d412908-2539-49cb-90ac-2884c9b173cf"/>
        </subgraph>
      </children>
      <children type="sltp.mm.syntax.Node" uuid="c606cdab-8fd5-43ca-a9d4-bf37c3bb3c14">
        <orderIndex>2</orderIndex>
        <outEdges type="sltp.mm.syntax.Edge" uuid="c4f78306-0b64-4f44-a692-e89b5772af9e"/>
        <priority>42</priority>
        <rates type="sltp.mm.syntax.RateData">
          <color>#0000cc</color>
          <hasBlocks>true</hasBlocks>
          <rate>0.2</rate>
          <title>D3</title>
        </rates>
        <title>D3</title>
        <type>implicit-periodic</type>
        <diagramElement type="diagram.editor.model.Entity" uuid="2c5a3ad1-9f01-4f43-b3d1-191c79281e22"/>
        <subgraph type="sltp.mm.syntax.Graph" uuid="3c70ca33-25f8-42eb-aac2-8e66605d1d76">
          <title>D3</title>
          <diagramElement type="diagram.editor.model.Diagram" uuid="c49c1e48-b465-43b5-b870-d2cbaa51f7de"/>
        </subgraph>
      </children>
      <edges type="sltp.mm.syntax.Edge" uuid="336e5d67-cb81-46ba-aece-b27a92b41d0f">
        <dst type="sltp.mm.syntax.Node" uuid="884db79f-6448-4c1b-9ff1-0e37954a0746"/>
        <src type="sltp.mm.syntax.Node" uuid="e8f79acf-7aea-45ae-ac16-2854b08a5d3a"/>
        <type>Dependency</type>
        <diagramElement type="diagram.editor.model.Connection" uuid="1427f3cb-6823-460c-afc2-01519966be2a"/>
      </edges>
      <edges type="sltp.mm.syntax.Edge" uuid="c4f78306-0b64-4f44-a692-e89b5772af9e">
        <dst type="sltp.mm.syntax.Node" uuid="e8f79acf-7aea-45ae-ac16-2854b08a5d3a"/>
        <src type="sltp.mm.syntax.Node" uuid="c606cdab-8fd5-43ca-a9d4-bf37c3bb3c14"/>
        <type>Delay</type>
        <diagramElement type="diagram.editor.model.Connection" uuid="02305bda-c737-4df6-8619-8595546fe607"/>
      </edges>
      <title>Default</title>
      <diagramElement type="diagram.editor.model.Diagram" uuid="1545d48d-865e-4fd6-8baf-fb01a6508771"/>
    </rootGraph>
  </sltp.mm.syntax.Context>
</sltp_editor>