<?xml version="1.0" encoding="UTF-8"?>
<sltp_graph version="1.1" packageUris="http://schema.mathworks.com/mf0/sltp_mm/R2021b_202106150630">
  <sltp.mm.core.Context type="sltp.mm.core.Context" uuid="2fadd95c-91d0-4189-a8e8-f6958b4be5fc">
    <priorityDirection>HighNumberLast</priorityDirection>
    <editorState type="sltp.mm.core.EditorState" uuid="422f004f-15de-4724-8245-48cb9d24648b">
      <isSynchronized>true</isSynchronized>
      <panelState type="sltp.mm.core.EditorPanelState" uuid="3399131b-9054-46a4-89a6-e55f072bce52"/>
    </editorState>
    <rootTask type="sltp.mm.core.Task" uuid="f8805cac-756f-42cb-800e-d2a34cfce77a">
      <context type="sltp.mm.core.Context" uuid="2fadd95c-91d0-4189-a8e8-f6958b4be5fc"/>
      <explicit>false</explicit>
      <name>Default</name>
      <priority>-2147483648</priority>
      <subgraph type="sltp.mm.core.Graph" uuid="89224cfa-4a45-413a-a25d-c83e0f4f7b87">
        <connections type="sltp.mm.core.Connection" uuid="eb6df884-5232-46e5-97b0-438085c62007">
          <dst type="sltp.mm.core.Task" uuid="9bc53b07-efff-413c-a8d9-53cb4861d651"/>
          <src type="sltp.mm.core.Task" uuid="b4bfdb13-f22d-4b3c-92bd-939a2c784d58"/>
        </connections>
        <connections type="sltp.mm.core.Connection" uuid="99127546-1fe9-473e-b905-25aaa17a4f36">
          <dst type="sltp.mm.core.Task" uuid="b4bfdb13-f22d-4b3c-92bd-939a2c784d58"/>
          <src type="sltp.mm.core.Task" uuid="0a11ac28-af33-4986-b4c7-5b60a95c9f16"/>
        </connections>
        <tasks type="sltp.mm.core.Task" uuid="b4bfdb13-f22d-4b3c-92bd-939a2c784d58">
          <baseTask>true</baseTask>
          <context type="sltp.mm.core.Context" uuid="2fadd95c-91d0-4189-a8e8-f6958b4be5fc"/>
          <explicit>false</explicit>
          <id>1</id>
          <inConnections type="sltp.mm.core.Connection" uuid="99127546-1fe9-473e-b905-25aaa17a4f36"/>
          <isTimed>true</isTimed>
          <name>Cont</name>
          <outConnections type="sltp.mm.core.Connection" uuid="eb6df884-5232-46e5-97b0-438085c62007"/>
          <priority>40</priority>
          <rates type="sltp.mm.core.Rate" uuid="df450c25-f338-4898-b613-4874b566177a">
            <annotation>Cont</annotation>
            <color>255</color>
            <hasBlocks>true</hasBlocks>
            <identifier>Continuous00</identifier>
            <rateSpec type="sltp.mm.core.RateSpec">
              <period>0.0</period>
            </rateSpec>
            <sti>0</sti>
          </rates>
          <rates type="sltp.mm.core.Rate" uuid="8f062f21-89c4-4096-ac01-c5220714acbb">
            <annotation>D1</annotation>
            <color>-436207361</color>
            <hasBlocks>true</hasBlocks>
            <rateSpec type="sltp.mm.core.RateSpec">
              <period>.005</period>
            </rateSpec>
            <sti>1</sti>
          </rates>
        </tasks>
        <tasks type="sltp.mm.core.Task" uuid="9bc53b07-efff-413c-a8d9-53cb4861d651">
          <context type="sltp.mm.core.Context" uuid="2fadd95c-91d0-4189-a8e8-f6958b4be5fc"/>
          <explicit>false</explicit>
          <id>2</id>
          <inConnections type="sltp.mm.core.Connection" uuid="eb6df884-5232-46e5-97b0-438085c62007"/>
          <isTimed>true</isTimed>
          <name>D2</name>
          <priority>41</priority>
          <rates type="sltp.mm.core.Rate" uuid="72a1bf80-74df-4af3-8648-c36e5e65a11d">
            <annotation>D2</annotation>
            <color>13697279</color>
            <hasBlocks>true</hasBlocks>
            <identifier>ClassicPeriodicDiscrete0.060</identifier>
            <rateSpec type="sltp.mm.core.RateSpec">
              <period>.06</period>
            </rateSpec>
            <sti>2</sti>
          </rates>
        </tasks>
        <tasks type="sltp.mm.core.Task" uuid="0a11ac28-af33-4986-b4c7-5b60a95c9f16">
          <context type="sltp.mm.core.Context" uuid="2fadd95c-91d0-4189-a8e8-f6958b4be5fc"/>
          <explicit>false</explicit>
          <id>3</id>
          <isTimed>true</isTimed>
          <name>D3</name>
          <outConnections type="sltp.mm.core.Connection" uuid="99127546-1fe9-473e-b905-25aaa17a4f36"/>
          <priority>42</priority>
          <rates type="sltp.mm.core.Rate" uuid="4717b60a-b348-4da7-976e-cf7b1066f7b2">
            <annotation>D3</annotation>
            <color>52479</color>
            <hasBlocks>true</hasBlocks>
            <identifier>ClassicPeriodicDiscrete0.20</identifier>
            <rateSpec type="sltp.mm.core.RateSpec">
              <period>.2</period>
            </rateSpec>
            <sti>3</sti>
          </rates>
        </tasks>
      </subgraph>
    </rootTask>
  </sltp.mm.core.Context>
</sltp_graph>